{
    "RMS": {
        "s0": [
            0.001423178407647945,
            0.3707128713504038
        ],
        "s1": [
            0.0010067977406740408,
            0.41489146360397355
        ],
        "s2": [
            0.001781871410539088,
            0.4521364261025261
        ]
    },
    "Peak": {
        "s0": [
            -0.0026672167564330196,
            5.0
        ],
        "s1": [
            -0.0040943442620364695,
            5.0
        ],
        "s2": [
            -0.0005064873158162761,
            5.0
        ]
    },
    "Peak2Peak": {
        "s0": [
            0.004488918114573151,
            5.281917893301712
        ],
        "s1": [
            0.004913213114443763,
            5.596513846474697
        ],
        "s2": [
            0.005579945004755584,
            5.928545771445212
        ]
    },
    "Crista": {
        "s0": [
            -0.3739357909958195,
            20.24107681743003
        ],
        "s1": [
            -0.4350736441397615,
            15.125320593106247
        ],
        "s2": [
            -0.05317633399801296,
            14.140560436430977
        ]
    }
}
