{
    "s0": 0.12270003445021539,
    "s1": 0.2953763196467469,
    "s2": 0.3837883195997334,
    "s3": 118.27983593894956
}
